{
    "users": [
        {
            "username": "7",
            "password": "7902699be42c8a8e46fbbb4501726517e86b22c56a189f7625a6da49081b2451"
        },
        {
            "username": "8",
            "password": "2c624232cdd221771294dfbb310aca000a0df6ac8b66b696d90ef06fdefb64a3"
        }
    ],
    "products": [
        {
            "name": "77",
            "price": 77.0,
            "image_path": "static/uploads\\2.jpg"
        }
    ],
    "orders": [
        {
            "date": "2024-12-14 15:37:28",
            "items": [
                {
                    "name": "77",
                    "price": "77.0"
                }
            ],
            "total": 77.0,
            "user": "8"
        },
        {
            "date": "2024-12-14 15:38:15",
            "items": [
                {
                    "name": "77",
                    "price": "77.0"
                },
                {
                    "name": "77",
                    "price": "77.0"
                }
            ],
            "total": 154.0,
            "user": "7"
        },
        {
            "date": "2024-12-14 15:41:44",
            "items": [
                {
                    "name": "77",
                    "price": "77.0"
                }
            ],
            "total": 77.0,
            "user": "7"
        }
    ]
}